{
  "300 < m(ttbar) < 400 GeV": {
    "D_central": -0.4119633333333333,
    "D_16": -0.4467862904029882,
    "D_84": -0.37717429636618544,
    "EN_central": 0.18239508093788875,
    "EN_16": 0.15792505902148649,
    "EN_84": 0.3135605489630475,
    "frac_entangled": 0.9986,
    "frac_below_threshold": 0.9869,
    "positivity_violations": 8090,
    "n_samples": 20000
  },
  "400 < m(ttbar) < 600 GeV": {
    "D_central": -0.20443166666666668,
    "D_16": -0.21615452012958244,
    "D_84": -0.1927575437525336,
    "EN_central": -9.610279511444756e-16,
    "EN_16": -3.203426503814918e-16,
    "EN_84": 3.203426503814917e-16,
    "frac_entangled": 0.0,
    "frac_below_threshold": 0.0,
    "positivity_violations": 10792,
    "n_samples": 20000
  },
  "600 < m(ttbar) < 800 GeV": {
    "D_central": -0.08889599999999999,
    "D_16": -0.10899014641325103,
    "D_84": -0.06958757563895936,
    "EN_central": 0.0,
    "EN_16": -3.203426503814918e-16,
    "EN_84": 3.203426503814917e-16,
    "frac_entangled": 0.0,
    "frac_below_threshold": 0.0,
    "positivity_violations": 1249,
    "n_samples": 20000
  },
  "m(ttbar) > 800 GeV": {
    "D_central": -0.004557666666666664,
    "D_16": -0.028516460115207132,
    "D_84": 0.019218014187201364,
    "EN_central": -1.6017132519074588e-16,
    "EN_16": -3.203426503814918e-16,
    "EN_84": 3.203426503814917e-16,
    "frac_entangled": 0.0,
    "frac_below_threshold": 0.0,
    "positivity_violations": 8,
    "n_samples": 20000
  }
}